1, Sandu, Raluca, 18, 5, 2022
2, Postolache, Miruna, 1, 4, 2022
1, Sandu, Raluca, 18, 5, 2022
2, Postolache, Miruna, 1, 4, 2022
1, Sandu, Raluca, 18, 5, 2022
2, Postolache, Miruna, 1, 4, 2022
1, Sandu, Raluca, 18, 5, 2022
2, Postolache, Miruna, 1, 4, 2022
1, Sandu, Raluca, 18, 5, 2022
2, Postolache, Miruna, 1, 4, 2022
1, Sandu, Raluca, 18, 5, 2022
2, Postolache, Miruna, 1, 4, 2022
1, Sandu, Raluca, 18, 5, 2022
2, Postolache, Miruna, 1, 4, 2022
1, Sandu, Raluca, 18, 5, 2022
2, Postolache, Miruna, 1, 4, 2022
1, Sandu, Raluca, 18, 5, 2022
2, Postolache, Miruna, 1, 4, 2022
1, Sandu, Raluca, 18, 5, 2022
2, Postolache, Miruna, 1, 4, 2022
